image_path,plate_text
train/10PlateBaza299.jpg,ZG8894AB
train/10xemay112.jpg,54T15417
train/10xemay1217.jpg,59L214999
train/10xemay1270.jpg,59Y173221
train/10xemay1329.jpg,54V81990
train/10xemay1332.jpg,59A303615
train/10xemay1390.jpg,63F68411
train/10xemay1457.jpg,60F141516
train/10xemay1470.jpg,52S24832
train/10xemay1510.jpg,59X169592
train/10xemay1572.jpg,54Y88280
train/10xemay1586.jpg,51Z74533
train/10xemay1596.jpg,59TA00329
train/10xemay1825.jpg,59U135226
train/10xemay187.jpg,79T26658
train/10xemay2052.jpg,55F114927
train/10xemay2215.jpg,59T159973
train/10xemay2271.jpg,54K48147
train/10xemay272.jpg,59M121704
train/10xemay330.jpg,59C201909
train/10xemay45.jpg,72C112511
train/10xemay47.jpg,59K190300
train/10xemay581.jpg,51K61392
train/10xemay593.jpg,59T138506
train/10xemay799.jpg,78N25203
train/10xemay921.jpg,49L104456
train/11CarLongPlate587.jpg,51F44614
train/11CarLongPlate84.jpg,72S14860
train/11xemay1003.jpg,71B197914
train/11xemay1015.jpg,59X275198
train/11xemay1172.jpg,51K38796
train/11xemay1197.jpg,59F132210
train/11xemay1324.jpg,54F16743
train/11xemay137.jpg,60B801015
train/11xemay308.jpg,59S218904
train/11xemay317.jpg,60B736638
train/11xemay679.jpg,59H167791
train/11xemay702.jpg,76G111649
train/12xemay0.jpg,59P166480
train/12xemay1034.jpg,59F168564
train/12xemay106.jpg,52L26661
train/12xemay1090.jpg,71C230079
train/12xemay115.jpg,77L137372
train/12xemay1166.jpg,51H22933
train/12xemay1225.jpg,52U83666
train/12xemay1241.jpg,86C107261
train/12xemay1259.jpg,59Y167452
train/12xemay130.jpg,59X154497
train/12xemay1326.jpg,59T120243
train/12xemay1442.jpg,55P10009
train/12xemay1499.jpg,59P166480
train/12xemay1506.jpg,59F118461
train/12xemay1521.jpg,52U40050
train/12xemay1605.jpg,59E149285
train/12xemay1612.jpg,59S149525
train/12xemay1648.jpg,54Y99149
train/12xemay1692.jpg,59D206973
train/12xemay179.jpg,59H155699
train/12xemay194.jpg,66P15739
train/12xemay25.jpg,37M107918
train/12xemay251.jpg,59L202084
train/12xemay389.jpg,59T156987
train/12xemay404.jpg,66P15967
train/12xemay408.jpg,59M116054
train/12xemay414.jpg,54L64897
train/12xemay424.jpg,59C139916
train/12xemay488.jpg,59Y164831
train/12xemay526.jpg,59T159973
train/12xemay560.jpg,59F103055
train/12xemay594.jpg,59S174203
train/12xemay601.jpg,60B236161
train/12xemay638.jpg,59K143840
train/12xemay703.jpg,59S181834
train/12xemay737.jpg,59F162919
train/12xemay818.jpg,70B132168
train/12xemay873.jpg,59C246326
train/12xemay894.jpg,59F136564
train/12xemay91.jpg,67B181846
train/12xemay965.jpg,59P188847
train/12xemay970.jpg,71B207999
train/12xemay989.jpg,54S54463
train/13xemay1007.jpg,59M190208
train/13xemay1086.jpg,59L167824
train/13xemay1168.jpg,59G112671
train/13xemay1263.jpg,54F44078
train/13xemay155.jpg,59L177693
train/13xemay156.jpg,59F120158
train/13xemay1629.jpg,93P179867
train/13xemay282.jpg,60B628032
train/13xemay313.jpg,59F131469
train/13xemay359.jpg,49B104182
train/13xemay405.jpg,54T16084
train/13xemay489.jpg,49K107320
train/13xemay494.jpg,59T164417
train/13xemay571.jpg,92D142705
train/13xemay683.jpg,71B112522
train/13xemay716.jpg,59B131489
train/13xemay732.jpg,60B193113
train/13xemay877.jpg,59VA00843
train/13xemay920.jpg,52F73840
train/1xemay1035.jpg,59M146204
train/1xemay1037.jpg,67B169660
train/1xemay1045.jpg,59S221969
train/1xemay1064.jpg,59V234815
train/1xemay1088.jpg,59V244588
train/1xemay1092.jpg,54N46324
train/1xemay1094.jpg,59D167393
train/1xemay1095.jpg,16F26303
train/1xemay1115.jpg,54L51899
train/1xemay1125.jpg,54L18811
train/1xemay1147.jpg,59K184015
train/1xemay1196.jpg,51K21103
train/1xemay1236.jpg,54K34770
train/1xemay1249.jpg,59U172979
train/1xemay1276.jpg,59M160886
train/1xemay1280.jpg,54F39952
train/1xemay1303.jpg,59P126989
train/1xemay1325.jpg,63H54588
train/1xemay1360.jpg,59S231606
train/1xemay1364.jpg,59M197580
train/1xemay1366.jpg,54T52159
train/1xemay1453.jpg,47K29950
train/1xemay1454.jpg,59V224614
train/1xemay1458.jpg,59G196577
train/1xemay1500.jpg,71S39276
train/1xemay1519.jpg,51H32153
train/1xemay1520.jpg,78K100677
train/1xemay1524.jpg,54L55031
train/1xemay1541.jpg,54P48871
train/1xemay1542.jpg,59T100381
train/1xemay1543.jpg,59S208418
train/1xemay1544.jpg,59H146828
train/1xemay1566.jpg,75H28428
train/1xemay1599.jpg,66L126685
train/1xemay1611.jpg,59B129117
train/1xemay1620.jpg,59F159997
train/1xemay1635.jpg,59D185619
train/1xemay1649.jpg,52M90589
train/1xemay1671.jpg,59P213159
train/1xemay1681.jpg,59L160778
train/1xemay1690.jpg,59U184900
train/1xemay1709.jpg,64K104343
train/1xemay1715.jpg,54S92073
train/1xemay1716.jpg,66S112239
train/1xemay1752.jpg,59H154986
train/1xemay1759.jpg,77L137372
train/1xemay1787.jpg,59K140650
train/1xemay1803.jpg,59L177693
train/1xemay1818.jpg,59C165331
train/1xemay1835.jpg,75K30899
train/1xemay1838.jpg,79T26658
train/1xemay1840.jpg,37M107918
train/1xemay1865.jpg,60FP1469
train/1xemay1913.jpg,84K51618
train/1xemay1917.jpg,59T192270
train/1xemay1921.jpg,59E103640
train/1xemay1965.jpg,54L39902
train/1xemay1983.jpg,60B736638
train/1xemay2110.jpg,59S138731
train/1xemay2129.jpg,81B126810
train/1xemay2172.jpg,59T164831
train/1xemay2195.jpg,51S25013
train/1xemay2196.jpg,84G122593
train/1xemay2201.jpg,59Y187304
train/1xemay2216.jpg,54H15326
train/1xemay2223.jpg,59S135252
train/1xemay2237.jpg,59N176654
train/1xemay2248.jpg,51L34827
train/1xemay2258.jpg,53K107625
train/1xemay2268.jpg,59P115042
train/1xemay2316.jpg,51U83423
train/1xemay233.jpg,64D113241
train/1xemay2335.jpg,71S55600
train/1xemay2343.jpg,79C122177
train/1xemay2344.jpg,54S22148
train/1xemay2359.jpg,59E153127
train/1xemay2365.jpg,59T105297
train/1xemay2373.jpg,59U170392
train/1xemay2375.jpg,54P72138
train/1xemay238.jpg,60B816455
train/1xemay2449.jpg,36F42678
train/1xemay2452.jpg,59F162919
train/1xemay2468.jpg,59F168955
train/1xemay2478.jpg,65F131532
train/1xemay278.jpg,77C139373
train/1xemay319.jpg,72E101515
train/1xemay322.jpg,59D146288
train/1xemay328.jpg,59S227831
train/1xemay356.jpg,59M136452
train/1xemay358.jpg,59N118063
train/1xemay362.jpg,85B117851
train/1xemay374.jpg,59S153418
train/1xemay376.jpg,59T162133
train/1xemay383.jpg,60C123774
train/1xemay399.jpg,59U145781
train/1xemay415.jpg,34K23664
train/1xemay420.jpg,62N132746
train/1xemay482.jpg,59C113183
train/1xemay495.jpg,72X18179
train/1xemay506.jpg,59L144716
train/1xemay542.jpg,81B126810
train/1xemay544.jpg,59P211120
train/1xemay552.jpg,59P200263
train/1xemay565.jpg,59K102625
train/1xemay572.jpg,59S228834
train/1xemay573.jpg,59E156347
train/1xemay585.jpg,86C133139
train/1xemay587.jpg,59H154289
train/1xemay617.jpg,51U83423
train/1xemay619.jpg,59D143820
train/1xemay645.jpg,59E129565
train/1xemay661.jpg,59T105297
train/1xemay666.jpg,59H167791
train/1xemay667.jpg,54Z73400
train/1xemay677.jpg,59C130923
train/1xemay682.jpg,59Y171364
train/1xemay693.jpg,54P72138
train/1xemay723.jpg,62S35031
train/1xemay729.jpg,54L42443
train/1xemay740.jpg,59C249200
train/1xemay745.jpg,59H104425
train/1xemay761.jpg,52S24832
train/1xemay763.jpg,60Z77813
train/1xemay776.jpg,59F131316
train/1xemay779.jpg,54Y99149
train/1xemay785.jpg,54P76117
train/1xemay791.jpg,59Y191982
train/1xemay807.jpg,95E117763
train/1xemay808.jpg,51L38385
train/1xemay879.jpg,52T56177
train/1xemay907.jpg,59L214999
train/1xemay915.jpg,59U178039
train/2PlateBaza118.jpg,ZG9130AG
train/2PlateBaza138.jpg,ZG4154AC
train/2PlateBaza17.jpg,ZG5715AK
train/2PlateBaza18.jpg,ZG4269AC
train/2PlateBaza195.jpg,ZG6896ZG
train/2PlateBaza200.jpg,ZH698703
train/2PlateBaza239.jpg,ZG4309AG
train/2PlateBaza242.jpg,ZG8524AF
train/2PlateBaza288.jpg,ZG4499AD
train/2PlateBaza292.jpg,ZG8557AA
train/2PlateBaza407.jpg,ZG6983AG
train/2xemay1004.jpg,59C201208
train/2xemay1005.jpg,78G104308
train/2xemay1017.jpg,59M194458
train/2xemay104.jpg,59F138151
train/2xemay1098.jpg,59B137858
train/2xemay1100.jpg,47D118716
train/2xemay113.jpg,59F138151
train/2xemay1135.jpg,52K38683
train/2xemay1148.jpg,59H135460
train/2xemay1156.jpg,59F103055
train/2xemay1171.jpg,55P23999
train/2xemay1188.jpg,59V185584
train/2xemay1201.jpg,59P236511
train/2xemay124.jpg,85D121869
train/2xemay1242.jpg,67B140833
train/2xemay1246.jpg,54Y93476
train/2xemay1248.jpg,52F38889
train/2xemay125.jpg,71S35011
train/2xemay1253.jpg,59T179742
train/2xemay1266.jpg,59V155321
train/2xemay1271.jpg,70K105963
train/2xemay1290.jpg,54L53913
train/2xemay131.jpg,59N209050
train/2xemay1342.jpg,59V256589
train/2xemay1348.jpg,59S245275
train/2xemay1365.jpg,59C262872
train/2xemay1381.jpg,51S57559
train/2xemay1382.jpg,47C115294
train/2xemay1416.jpg,47C105644
train/2xemay1418.jpg,59P198663
train/2xemay1419.jpg,76K33694
train/2xemay1432.jpg,59L211547
train/2xemay144.jpg,59P183257
train/2xemay148.jpg,59P133202
train/2xemay149.jpg,59S131886
train/2xemay1516.jpg,63H31295
train/2xemay1552.jpg,59S167082
train/2xemay1556.jpg,30F14765
train/2xemay1567.jpg,59U149726
train/2xemay1585.jpg,59C232477
train/2xemay1606.jpg,59C143689
train/2xemay1638.jpg,59S163497
train/2xemay164.jpg,47B142872
train/2xemay1666.jpg,72F131144
train/2xemay1698.jpg,59N187173
train/2xemay1717.jpg,54S92073
train/2xemay174.jpg,59L106458
train/2xemay1746.jpg,59S236623
train/2xemay1761.jpg,59S236623
train/2xemay1764.jpg,59C221098
train/2xemay1770.jpg,71S35011
train/2xemay1778.jpg,5S235205
train/2xemay1789.jpg,59E164239
train/2xemay1791.jpg,59P183257
train/2xemay1792.jpg,59F149271
train/2xemay1794.jpg,59C139780
train/2xemay1800.jpg,5H187515
train/2xemay183.jpg,59U135226
train/2xemay1832.jpg,59P133202
train/2xemay1836.jpg,71B158070
train/2xemay1837.jpg,60F140494
train/2xemay1859.jpg,59P133202
train/2xemay1866.jpg,59C149744
train/2xemay1868.jpg,54T56168
train/2xemay1872.jpg,50B628032
train/2xemay1877.jpg,59E112903
train/2xemay1888.jpg,59X160210
train/2xemay1903.jpg,59L229477
train/2xemay1906.jpg,72F120741
train/2xemay1908.jpg,76V63429
train/2xemay1912.jpg,59X281467
train/2xemay1915.jpg,54S89169
train/2xemay1918.jpg,37H107918
train/2xemay1920.jpg,59P231316
train/2xemay1924.jpg,59C224729
train/2xemay1929.jpg,59FFF67FF
train/2xemay1933.jpg,59M121704
train/2xemay1941.jpg,59U179751
train/2xemay1942.jpg,59T161654
train/2xemay1945.jpg,59Y160811
train/2xemay1946.jpg,70SA0367
train/2xemay1949.jpg,50Y38211
train/2xemay1950.jpg,59P187149
train/2xemay1952.jpg,60B523822
train/2xemay1966.jpg,52F39280
train/2xemay1969.jpg,59P189739
train/2xemay1980.jpg,59Y160811
train/2xemay1985.jpg,59E113417
train/2xemay1997.jpg,59P155811
train/2xemay2009.jpg,54P11482
train/2xemay2013.jpg,59F131469
train/2xemay2026.jpg,59M136452
train/2xemay2028.jpg,59N118063
train/2xemay2029.jpg,59N169575
train/2xemay2034.jpg,51T42133
train/2xemay2041.jpg,51Y67665
train/2xemay2048.jpg,59T162133
train/2xemay2049.jpg,59M121704
train/2xemay2057.jpg,59X256462
train/2xemay2061.jpg,59U145476
train/2xemay2063.jpg,59T156987
train/2xemay2064.jpg,70EA00557
train/2xemay2068.jpg,54X95114
train/2xemay2073.jpg,59C165331
train/2xemay2075.jpg,59U145781
train/2xemay2076.jpg,59H143986
train/2xemay2079.jpg,59T101439
train/2xemay2081.jpg,54T16084
train/2xemay2082.jpg,79K78987
train/2xemay2083.jpg,59L231395
train/2xemay2086.jpg,59E168785
train/2xemay2095.jpg,59V188114
train/2xemay2099.jpg,81B161386
train/2xemay2108.jpg,59M156378
train/2xemay211.jpg,59C149744
train/2xemay2114.jpg,59P189267
train/2xemay2130.jpg,59P224979
train/2xemay2137.jpg,59L194176
train/2xemay2145.jpg,59D206428
train/2xemay2146.jpg,49M71975
train/2xemay2147.jpg,59N174939
train/2xemay2148.jpg,68T90223
train/2xemay2149.jpg,59X145128
train/2xemay2164.jpg,59E134192
train/2xemay2165.jpg,59T184807
train/2xemay2166.jpg,59C113183
train/2xemay2170.jpg,49B120807
train/2xemay2180.jpg,72X18179
train/2xemay2183.jpg,60B562583
train/2xemay2187.jpg,94D104771
train/2xemay2204.jpg,48B128807
train/2xemay2208.jpg,72K125476
train/2xemay221.jpg,59E112903
train/2xemay2213.jpg,59P112875
train/2xemay2219.jpg,59M160077
train/2xemay2220.jpg,50N107428
train/2xemay2221.jpg,55P62004
train/2xemay2225.jpg,64K47483
train/2xemay2226.jpg,51V44579
train/2xemay2228.jpg,54P72138
train/2xemay2231.jpg,60X94808
train/2xemay2232.jpg,63B132004
train/2xemay2235.jpg,59P211120
train/2xemay2238.jpg,59T156150
train/2xemay2239.jpg,59H159324
train/2xemay2261.jpg,59F103568
train/2xemay2267.jpg,59E156347
train/2xemay2272.jpg,59C153993
train/2xemay2277.jpg,59S153418
train/2xemay2279.jpg,59S244712
train/2xemay2282.jpg,59H154289
train/2xemay2284.jpg,59T188808
train/2xemay2290.jpg,59S174203
train/2xemay2297.jpg,47B142642
train/2xemay2302.jpg,59C161891
train/2xemay2310.jpg,59U139997
train/2xemay2312.jpg,59NZ43756
train/2xemay2321.jpg,54S85489
train/2xemay2330.jpg,59B122119
train/2xemay2334.jpg,59N161776
train/2xemay2347.jpg,59E129565
train/2xemay2349.jpg,59S110393
train/2xemay2351.jpg,59C116274
train/2xemay2354.jpg,59E117936
train/2xemay2358.jpg,59V208347
train/2xemay236.jpg,59S174613
train/2xemay2366.jpg,63B963040
train/2xemay2376.jpg,59H119374
train/2xemay2387.jpg,59L145900
train/2xemay2390.jpg,81H12204
train/2xemay2391.jpg,55X17546
train/2xemay2400.jpg,59E142530
train/2xemay2401.jpg,54F72138
train/2xemay2403.jpg,59X137438
train/2xemay2405.jpg,59L205442
train/2xemay2407.jpg,62H27327
train/2xemay2420.jpg,54P83069
train/2xemay2426.jpg,16M90826
train/2xemay2429.jpg,59C165331
train/2xemay2432.jpg,59P218900
train/2xemay2443.jpg,54L42443
train/2xemay2444.jpg,54K16483
train/2xemay2461.jpg,59N101425
train/2xemay2464.jpg,59P152934
train/2xemay2469.jpg,59G198907
train/2xemay2477.jpg,59V216023
train/2xemay2479.jpg,63B957926
train/2xemay2487.jpg,51L73998
train/2xemay2489.jpg,59C15610
train/2xemay273.jpg,59C105899
train/2xemay279.jpg,59U179751
train/2xemay288.jpg,59P187149
train/2xemay303.jpg,72K59221
train/2xemay321.jpg,59V243654
train/2xemay326.jpg,59S220617
train/2xemay329.jpg,59P155811
train/2xemay341.jpg,85S15378
train/2xemay363.jpg,51T42133
train/2xemay385.jpg,60P71246
train/2xemay386.jpg,72L86035
train/2xemay390.jpg,70EA00557
train/2xemay392.jpg,59K114468
train/2xemay400.jpg,59H143986
train/2xemay401.jpg,61D107911
train/2xemay412.jpg,79Z118589
train/2xemay413.jpg,51M21719
train/2xemay428.jpg,59C142818
train/2xemay430.jpg,60B223567
train/2xemay438.jpg,59H102876
train/2xemay479.jpg,59B133968
train/2xemay490.jpg,60C236687
train/2xemay504.jpg,66K120670
train/2xemay51.jpg,59M103519
train/2xemay517.jpg,37K46713
train/2xemay518.jpg,59E165903
train/2xemay519.jpg,72K125476
train/2xemay522.jpg,59S223546
train/2xemay546.jpg,59N176654
train/2xemay55.jpg,62V16814
train/2xemay562.jpg,59U165072
train/2xemay599.jpg,47B142642
train/2xemay605.jpg,59S131197
train/2xemay608.jpg,59C104054
train/2xemay616.jpg,59N176049
train/2xemay622.jpg,54N56409
train/2xemay642.jpg,54S22148
train/2xemay66.jpg,59U170392
train/2xemay674.jpg,79Z104811
train/2xemay675.jpg,59M108275
train/2xemay7.jpg,59F168955
train/2xemay728.jpg,66P15739
train/2xemay778.jpg,59H152512
train/2xemay796.jpg,59P208324
train/2xemay809.jpg,59X267178
train/2xemay850.jpg,59P183738
train/2xemay88.jpg,65F131532
train/2xemay890.jpg,60B511827
train/2xemay896.jpg,59P231316
train/2xemay910.jpg,59L148183
train/2xemay938.jpg,51S93114
train/2xemay960.jpg,51L68446
train/2xemay971.jpg,60B149139
train/2xemay972.jpg,54S85452
train/2xemay988.jpg,59F149759
train/3CarLongPlate226.jpg,51F06532
train/3CarLongPlate230.jpg,51A77529
train/3CarLongPlate231.jpg,62A05772
train/3CarLongPlate233.jpg,60LD00584
train/3CarLongPlate236.jpg,60A21418
train/3CarLongPlate240.jpg,51A05227
train/3CarLongPlate241.jpg,51A05227
train/3CarLongPlate255.jpg,51G42971
train/3CarLongPlate256.jpg,51G37307
train/3CarLongPlate261.jpg,51A69172
train/3CarLongPlate262.jpg,51A69172
train/3CarLongPlate266.jpg,51F16159
train/3CarLongPlate269.jpg,51F06609
train/3CarLongPlate280.jpg,51G31691
train/3CarLongPlate281.jpg,51G31691
train/3CarLongPlate294.jpg,60A35981
train/3CarLongPlate297.jpg,51F59011
train/3CarLongPlate326.jpg,51F20754
train/3CarLongPlate328.jpg,51F31118
train/3CarLongPlate329.jpg,51F31118
train/3CarLongPlate331.jpg,50LD04411
train/3CarLongPlate334.jpg,51G51936
train/3CarLongPlate337.jpg,51G10096
train/3CarLongPlate339.jpg,51F82606
train/3CarLongPlate345.jpg,60A39951
train/3CarLongPlate350.jpg,51A77529
train/3CarLongPlate351.jpg,51A77529
train/3CarLongPlate352.jpg,62A05772
train/3CarLongPlate356.jpg,51F22029
train/3CarLongPlate359.jpg,51F61712
train/3CarLongPlate360.jpg,51A05227
train/3CarLongPlate385.jpg,51G21797
train/3CarLongPlate388.jpg,86A06844
train/3CarLongPlate392.jpg,51F20754
train/3CarLongPlate393.jpg,93LD00103
train/3CarLongPlate404.jpg,51G37307
train/3CarLongPlate411.jpg,51F88270
train/3CarLongPlate414.jpg,51F88270
train/3CarLongPlate417.jpg,51A05227
train/3CarLongPlate418.jpg,51A05227
train/3CarLongPlate420.jpg,51G21670
train/3CarLongPlate424.jpg,51F59881
train/3CarLongPlate427.jpg,51A01204
train/3CarLongPlate429.jpg,51A01204
train/3CarLongPlate439.jpg,51F61712
train/3CarLongPlate440.jpg,51F88270
train/3CarLongPlate441.jpg,51F88270
train/3CarLongPlate442.jpg,51F88270
train/3CarLongPlate444.jpg,51A25668
train/3CarLongPlate449.jpg,51A69172
train/3CarLongPlate454.jpg,61A22959
train/3CarLongPlate457.jpg,48A02866
train/3CarLongPlate461.jpg,51A89714
train/3CarLongPlate466.jpg,51F44614
train/3CarLongPlate467.jpg,51F44614
train/3CarLongPlate468.jpg,48A02866
train/3CarLongPlate471.jpg,51F24403
train/3CarLongPlate475.jpg,51G51332
train/3CarLongPlate476.jpg,51F15585
train/3CarLongPlate480.jpg,51F15585
train/3CarLongPlate485.jpg,60A35981
train/3CarLongPlate488.jpg,51F59011
train/3CarLongPlate490.jpg,51G49539
train/3CarLongPlate492.jpg,51F04275
train/3CarLongPlate500.jpg,62A05516
train/3CarLongPlate503.jpg,51F59881
train/3CarLongPlate511.jpg,51F31118
train/3CarLongPlate514.jpg,51G25481
train/3CarLongPlate515.jpg,51A01204
train/3CarLongPlate522.jpg,51F64619
train/3CarLongPlate524.jpg,51F64619
train/3CarLongPlate528.jpg,51G21748
train/3CarLongPlate529.jpg,51G10096
train/3CarLongPlate531.jpg,51G37307
train/3CarLongPlate534.jpg,51G21670
train/3CarLongPlate539.jpg,51F06532
train/3CarLongPlate541.jpg,51F61712
train/3CarLongPlate544.jpg,86A06844
train/3CarLongPlate550.jpg,51F88270
train/3CarLongPlate554.jpg,51F22029
train/3CarLongPlate557.jpg,51A05227
train/3CarLongPlate561.jpg,51A05227
train/3CarLongPlate565.jpg,51F59881
train/3CarLongPlate566.jpg,51F63034
train/3CarLongPlate568.jpg,51A05227
train/3CarLongPlate582.jpg,51A60216
train/3CarLongPlate588.jpg,51A60216
train/3CarLongPlate591.jpg,51F24403
train/3CarLongPlate592.jpg,51A69172
train/3CarLongPlate593.jpg,51A69172
train/3CarLongPlate599.jpg,51F22261
train/3CarLongPlate604.jpg,51G47281
train/3CarLongPlate612.jpg,51A01204
train/3CarLongPlate615.jpg,51A89714
train/3CarLongPlate619.jpg,51B21666
train/3CarLongPlate624.jpg,51F20754
train/3CarLongPlate635.jpg,51A85325
train/3CarLongPlate636.jpg,51F44614
train/3CarLongPlate637.jpg,51F44614
train/3CarLongPlate640.jpg,51F63034
train/3CarLongPlate641.jpg,51F24403
train/3CarLongPlate642.jpg,51F24403
train/3CarLongPlate646.jpg,51G51332
train/3CarLongPlate648.jpg,51F15585
train/3CarLongPlate649.jpg,51F15585
train/3CarLongPlate661.jpg,51F59881
train/3CarLongPlate663.jpg,51A01204
train/3CarLongPlate664.jpg,51A01204
train/3CarLongPlate666.jpg,51F06948
train/3CarLongPlate667.jpg,51F86988
train/3CarLongPlate675.jpg,51F07973
train/3CarLongPlate678.jpg,51F61712
train/3CarLongPlate681.jpg,51F88270
train/3CarLongPlate682.jpg,51F55827
train/3CarLongPlate684.jpg,51F63034
train/3CarLongPlate688.jpg,51F16159
train/3CarLongPlate689.jpg,61A22959
train/3CarLongPlate691.jpg,61A22959
train/3CarLongPlate692.jpg,51G10209
train/3CarLongPlate698.jpg,60A35981
train/3CarLongPlate705.jpg,51A96141
train/3CarLongPlate707.jpg,29A51796
train/3CarLongPlate710.jpg,51F44614
train/3CarLongPlate711.jpg,51F44614
train/3CarLongPlate718.jpg,51A60216
train/3CarLongPlate720.jpg,62A05195
train/3CarLongPlate725.jpg,61A39534
train/3CarLongPlate730.jpg,51F22261
train/3CarLongPlate731.jpg,51F22261
train/3CarLongPlate734.jpg,51F76354
train/3CarLongPlate742.jpg,51F04275
train/3CarLongPlate746.jpg,51G51936
train/3CarLongPlate747.jpg,51G51936
train/3CarLongPlate751.jpg,51F16159
train/3CarLongPlate758.jpg,51F20754
train/3CarLongPlate759.jpg,51F20754
train/3CarLongPlate769.jpg,51F49142
train/3CarLongPlate773.jpg,51A90905
train/3CarLongPlate774.jpg,51G10096
train/3CarLongPlate775.jpg,51G10096
train/3CarLongPlate777.jpg,48A05177
train/3CarLongPlate782.jpg,51A72110
train/3CarLongPlate788.jpg,51G47340
train/3CarLongPlate789.jpg,51A96141
train/3CarLongPlate795.jpg,60LD00584
train/3CarLongPlate799.jpg,51A72078
train/3CarLongPlate800.jpg,51A77529
train/3CarLongPlate802.jpg,51A77529
train/3CarLongPlate806.jpg,51G51008
train/3CarLongPlate810.jpg,51A05227
train/3CarLongPlate825.jpg,3.00E+91
train/3CarLongPlate840.jpg,51F44614
train/3CarLongPlate855.jpg,29A51796
train/3CarLongPlate858.jpg,51F04877
train/3CarLongPlate872.jpg,51F13251
train/3CarLongPlate877.jpg,51F15585
train/3CarLongPlate881.jpg,51G48154
train/3CarLongPlate885.jpg,51F98466
train/3CarLongPlate892.jpg,51F27809
train/3CarLongPlate901.jpg,51A89714
train/3CarLongPlate902.jpg,60LD4379
train/3CarLongPlate919.jpg,51A01204
train/3CarLongPlate920.jpg,51A01204
train/3CarLongPlate924.jpg,51F07973
train/3CarLongPlate930.jpg,3.00E+91
train/3CarLongPlate932.jpg,51F63034
train/3CarLongPlate936.jpg,61A22959
train/3CarLongPlate940.jpg,51F35613
train/3CarLongPlate941.jpg,51F35613
train/3CarLongPlate945.jpg,51F24403
train/3CarLongPlate950.jpg,51F44614
train/3CarLongPlate975.jpg,51G51936
train/3CarLongPlate977.jpg,51F21255
train/3CarLongPlate986.jpg,51G48154
train/3CarLongPlate998.jpg,51F27809
train/3PlateBaza0.jpg,171NVX75
train/3PlateBaza140.jpg,ZG4898AC
train/3PlateBaza141.jpg,ZG3833AK
train/3PlateBaza170.jpg,ZG1036AG
train/3PlateBaza181.jpg,ZG1665AE
train/3PlateBaza234.jpg,ZG2808AA
train/3PlateBaza268.jpg,ZG1532AB
train/3PlateBaza338.jpg,KC0010KK
train/3PlateBaza349.jpg,ZG1929AH
train/3PlateBaza406.jpg,VU3003VU
train/3xemay1001.jpg,62H57108
train/3xemay1008.jpg,59B138559
train/3xemay1014.jpg,76H106161
train/3xemay1018.jpg,60B104034
train/3xemay1019.jpg,54L36961
train/3xemay1026.jpg,59V226310
train/3xemay1027.jpg,59F173270
train/3xemay1028.jpg,51H49707
train/3xemay1039.jpg,59F163186
train/3xemay1041.jpg,54U54316
train/3xemay1050.jpg,59L116511
train/3xemay1052.jpg,59K122323
train/3xemay1055.jpg,59N100569
train/3xemay1062.jpg,59X121394
train/3xemay1065.jpg,59X267951
train/3xemay1068.jpg,55X82215
train/3xemay1070.jpg,71C232149
train/3xemay1079.jpg,59E162847
train/3xemay1087.jpg,75F129830
train/3xemay109.jpg,59U159897
train/3xemay1102.jpg,49K127144
train/3xemay1106.jpg,22H51198
train/3xemay111.jpg,60U23465
train/3xemay1114.jpg,72H58794
train/3xemay1116.jpg,59S212978
train/3xemay1122.jpg,79N209854
train/3xemay1128.jpg,72C105018
train/3xemay1139.jpg,79Z116792
train/3xemay1140.jpg,54S13034
train/3xemay1141.jpg,72K108550
train/3xemay1152.jpg,61B161878
train/3xemay1154.jpg,59T187564
train/3xemay1155.jpg,59L178582
train/3xemay1167.jpg,54T54498
train/3xemay1170.jpg,59T174443
train/3xemay1178.jpg,54P11782
train/3xemay1180.jpg,59E153139
train/3xemay1183.jpg,60B422155
train/3xemay1209.jpg,59M188418
train/3xemay1211.jpg,54S50882
train/3xemay1213.jpg,59F111299
train/3xemay1221.jpg,59T123977
train/3xemay1223.jpg,59C161110
train/3xemay1227.jpg,59M197489
train/3xemay1234.jpg,59S232928
train/3xemay1264.jpg,53V48609
train/3xemay1265.jpg,59E170762
train/3xemay1269.jpg,78N25203
train/3xemay127.jpg,59H133046
train/3xemay1281.jpg,59F108501
train/3xemay1283.jpg,85D105960
train/3xemay1288.jpg,62P153221
train/3xemay1299.jpg,67E106661
train/3xemay13.jpg,59C251109
train/3xemay1304.jpg,63B346905
train/3xemay1305.jpg,83P213173
train/3xemay1309.jpg,59K120173
train/3xemay1310.jpg,47L109977
train/3xemay1315.jpg,63B436920
train/3xemay1323.jpg,59E158284
train/3xemay1327.jpg,59M148700
train/3xemay1330.jpg,59D217148
train/3xemay1331.jpg,52F31770
train/3xemay1335.jpg,59P200263
train/3xemay1339.jpg,59T127957
train/3xemay1345.jpg,59C139113
train/3xemay1349.jpg,59X149553
train/3xemay1352.jpg,55P60839
train/3xemay1368.jpg,59H143727
train/3xemay1372.jpg,59H160919
train/3xemay1374.jpg,59T135415
train/3xemay1376.jpg,59X291011
train/3xemay1385.jpg,59Y154776
train/3xemay1393.jpg,59D178262
train/3xemay1401.jpg,54U39055
train/3xemay1405.jpg,52P39520
train/3xemay1406.jpg,63B304426
train/3xemay1413.jpg,92L87156
train/3xemay1417.jpg,51L3D352
train/3xemay1420.jpg,54N46324
train/3xemay1429.jpg,59S159694
train/3xemay1434.jpg,49K138886
train/3xemay1437.jpg,62K51250
train/3xemay1441.jpg,59S144895
train/3xemay1456.jpg,59S175715
train/3xemay1475.jpg,54P24739
train/3xemay1476.jpg,59H163602
train/3xemay1480.jpg,59L118044
train/3xemay1484.jpg,47M76992
train/3xemay1492.jpg,59B135294
train/3xemay1496.jpg,85B102836
train/3xemay1511.jpg,59T162133
train/3xemay1525.jpg,59M187668
train/3xemay1534.jpg,59D106399
train/3xemay1546.jpg,60V77002
train/3xemay1557.jpg,59H155556
train/3xemay1559.jpg,59S246039
train/3xemay1562.jpg,79D115814
train/3xemay1565.jpg,29B110559
train/3xemay157.jpg,47D117237
train/3xemay1570.jpg,68K49407
train/3xemay1574.jpg,65U24787
train/3xemay1582.jpg,55X20010
train/3xemay1587.jpg,16L95425
train/3xemay1589.jpg,54L53444
train/3xemay159.jpg,59F129346
train/3xemay1597.jpg,59M197372
train/3xemay1604.jpg,77F128472
train/3xemay1607.jpg,59H141296
train/3xemay1613.jpg,59T146457
train/3xemay1625.jpg,59B101554
train/3xemay1628.jpg,93F94406
train/3xemay1634.jpg,29B122701
train/3xemay1637.jpg,86B340430
train/3xemay1652.jpg,59S100685
train/3xemay1654.jpg,59G161590
train/3xemay1662.jpg,59T186782
train/3xemay1665.jpg,52P28146
train/3xemay1667.jpg,84G122593
train/3xemay1669.jpg,54P46793
train/3xemay1670.jpg,54T14995
train/3xemay1673.jpg,59C131162
train/3xemay1676.jpg,54Z31084
train/3xemay1677.jpg,54L48348
train/3xemay168.jpg,60B734176
train/3xemay1684.jpg,59C259392
train/3xemay1695.jpg,67L133525
train/3xemay17.jpg,60B555723
train/3xemay170.jpg,59B100002
train/3xemay1703.jpg,59N231428
train/3xemay1704.jpg,59Z202768
train/3xemay1714.jpg,59D167023
train/3xemay1725.jpg,54T11850
train/3xemay173.jpg,54S89169
train/3xemay1730.jpg,59C156086
train/3xemay1731.jpg,59U145267
train/3xemay1733.jpg,55P85535
train/3xemay1740.jpg,59P166480
train/3xemay1749.jpg,52L26661
train/3xemay1765.jpg,67L106669
train/3xemay1771.jpg,60B813705
train/3xemay1780.jpg,59F138151
train/3xemay1795.jpg,59P133202
train/3xemay1801.jpg,54S22148
train/3xemay1805.jpg,47D117237
train/3xemay1815.jpg,47K108279
train/3xemay184.jpg,75K30899
train/3xemay1842.jpg,52Z79752
train/3xemay1849.jpg,54L39902
train/3xemay1852.jpg,59F113860
train/3xemay1855.jpg,59H146704
train/3xemay1858.jpg,59B131149
train/3xemay1919.jpg,59T103506
train/3xemay192.jpg,59V200884
train/3xemay1925.jpg,93P106312
train/3xemay1928.jpg,54V14819
train/3xemay1934.jpg,59C105899
train/3xemay1937.jpg,55P56876
train/3xemay1956.jpg,29C120902
train/3xemay1974.jpg,59V184031
train/3xemay198.jpg,47B142872
train/3xemay1986.jpg,7ZE101515
train/3xemay1990.jpg,59L223714
train/3xemay2007.jpg,67C105355
train/3xemay2012.jpg,72L21703
train/3xemay2038.jpg,59S168287
train/3xemay2085.jpg,85F100417
train/3xemay2096.jpg,65S21319
train/3xemay2132.jpg,83B66954
train/3xemay2152.jpg,51L80104
train/3xemay2154.jpg,59X278848
train/3xemay217.jpg,60B628032
train/3xemay220.jpg,59C245928
train/3xemay2214.jpg,59L136261
train/3xemay222.jpg,61C106403
train/3xemay2229.jpg,72C112511
train/3xemay2242.jpg,59U157674
train/3xemay2247.jpg,77C139373
train/3xemay2251.jpg,62V16814
train/3xemay2254.jpg,59F164516
train/3xemay226.jpg,76G112000
train/3xemay2263.jpg,51L34827
train/3xemay2286.jpg,67E105420
train/3xemay2296.jpg,59H10571
train/3xemay2307.jpg,59C162293
train/3xemay2314.jpg,71B289897
train/3xemay2328.jpg,59T166153
train/3xemay237.jpg,59C123968
train/3xemay2370.jpg,59H167791
train/3xemay2383.jpg,77H62229
train/3xemay2394.jpg,59E170535
train/3xemay24.jpg,60X46482
train/3xemay241.jpg,59P163138
train/3xemay2421.jpg,47H75226
train/3xemay2462.jpg,54S16312
train/3xemay2476.jpg,59F170424
train/3xemay2482.jpg,67B181846
train/3xemay2485.jpg,54X45969
train/3xemay2486.jpg,59S216555
train/3xemay254.jpg,84K51618
train/3xemay258.jpg,59T192270
train/3xemay259.jpg,59T103506
train/3xemay260.jpg,59P231316
train/3xemay267.jpg,59D149489
train/3xemay268.jpg,54V14819
train/3xemay269.jpg,59L154063
train/3xemay270.jpg,52F86932
train/3xemay276.jpg,55P56876
train/3xemay277.jpg,59C244011
train/3xemay281.jpg,53V97976
train/3xemay292.jpg,86B608797
train/3xemay293.jpg,29C120902
train/3xemay300.jpg,54L39902
train/3xemay304.jpg,59P189739
train/3xemay307.jpg,62L122767
train/3xemay31.jpg,59E113417
train/3xemay311.jpg,59M103519
train/3xemay323.jpg,59L223714
train/3xemay337.jpg,59F147404
train/3xemay348.jpg,59H272061
train/3xemay351.jpg,60B628032
train/3xemay355.jpg,59P230351
train/3xemay36.jpg,59V107473
train/3xemay361.jpg,54S14959
train/3xemay373.jpg,59K165072
train/3xemay378.jpg,65S21319
train/3xemay396.jpg,59F123865
train/3xemay403.jpg,59T101439
train/3xemay411.jpg,65H90714
train/3xemay417.jpg,71B251318
train/3xemay431.jpg,59S138731
train/3xemay434.jpg,70L137096
train/3xemay439.jpg,78H117550
train/3xemay445.jpg,72K108989
train/3xemay459.jpg,49F108660
train/3xemay465.jpg,59N174939
train/3xemay469.jpg,51L80104
train/3xemay471.jpg,59X278848
train/3xemay483.jpg,59U177792
train/3xemay499.jpg,59T159973
train/3xemay507.jpg,59N147102
train/3xemay513.jpg,59Y187304
train/3xemay514.jpg,93P117409
train/3xemay521.jpg,59E134192
train/3xemay530.jpg,50N107428
train/3xemay539.jpg,61D107911
train/3xemay543.jpg,59N147102
train/3xemay545.jpg,54X41983
train/3xemay547.jpg,59T156150
train/3xemay556.jpg,51L34827
train/3xemay558.jpg,59T102309
train/3xemay570.jpg,79N179117
train/3xemay591.jpg,51Z30606
train/3xemay596.jpg,59S232928
train/3xemay60.jpg,59C162293
train/3xemay604.jpg,59C161891
train/3xemay633.jpg,59N161776
train/3xemay634.jpg,71S55600
train/3xemay636.jpg,59F109596
train/3xemay639.jpg,59F126626
train/3xemay646.jpg,64D121888
train/3xemay65.jpg,84K34900
train/3xemay665.jpg,71H15518
train/3xemay672.jpg,51S63577
train/3xemay678.jpg,77H62229
train/3xemay685.jpg,55X17546
train/3xemay688.jpg,59E170535
train/3xemay692.jpg,59E142530
train/3xemay694.jpg,59X296553
train/3xemay698.jpg,68X121002
train/3xemay701.jpg,52F41035
train/3xemay707.jpg,59V245387
train/3xemay708.jpg,67M23789
train/3xemay709.jpg,54P83069
train/3xemay71.jpg,59C165331
train/3xemay724.jpg,59L232473
train/3xemay725.jpg,77L100895
train/3xemay727.jpg,51H58092
train/3xemay735.jpg,36F42678
train/3xemay74.jpg,54S16312
train/3xemay75.jpg,59P152934
train/3xemay754.jpg,59S187231
train/3xemay76.jpg,59F170424
train/3xemay765.jpg,63B140991
train/3xemay77.jpg,51L41138
train/3xemay770.jpg,59D120255
train/3xemay771.jpg,59Y171364
train/3xemay777.jpg,55Y19833
train/3xemay781.jpg,54T19588
train/3xemay783.jpg,59E165653
train/3xemay801.jpg,59P197255
train/3xemay806.jpg,54P28057
train/3xemay814.jpg,59F132246
train/3xemay824.jpg,59P125512
train/3xemay828.jpg,59Y171364
train/3xemay829.jpg,72C170989
train/3xemay83.jpg,94H41831
train/3xemay834.jpg,59S229969
train/3xemay835.jpg,60C161975
train/3xemay838.jpg,79H57630
train/3xemay843.jpg,59C227415
train/3xemay857.jpg,59S231606
train/3xemay864.jpg,59U184366
train/3xemay876.jpg,60C200684
train/3xemay9.jpg,59V107473
train/3xemay903.jpg,59Y192533
train/3xemay909.jpg,52Y35969
train/3xemay918.jpg,76G122607
train/3xemay925.jpg,59F154719
train/3xemay929.jpg,54S25505
train/3xemay940.jpg,77H106830
train/3xemay942.jpg,59Z126553
train/3xemay945.jpg,59L231318
train/3xemay950.jpg,59P185700
train/3xemay954.jpg,60C135331
train/3xemay968.jpg,59L231395
train/3xemay977.jpg,79K102061
train/3xemay98.jpg,59C15610
train/3xemay981.jpg,54F23213
train/3xemay986.jpg,54F45279
train/3xemay991.jpg,54S16830
train/3xemay995.jpg,52Z67766
train/4CarLongPlate0.jpg,51G10096
train/4CarLongPlate105.jpg,51G49539
train/4CarLongPlate108.jpg,51F20754
train/4CarLongPlate111.jpg,51F31118
train/4CarLongPlate112.jpg,51A65474
train/4CarLongPlate139.jpg,51G21670
train/4CarLongPlate193.jpg,51G00672
train/4CarLongPlate218.jpg,50LD04411
train/4CarLongPlate268.jpg,51A64826
train/4CarLongPlate278.jpg,51F24403
train/4CarLongPlate319.jpg,51F07973
train/4CarLongPlate336.jpg,51G10096
train/4CarLongPlate34.jpg,51F82606
train/4CarLongPlate364.jpg,51A01204
train/4CarLongPlate383.jpg,51F59011
train/4CarLongPlate410.jpg,51F88270
train/4CarLongPlate426.jpg,51F59881
train/4CarLongPlate428.jpg,51A01204
train/4CarLongPlate43.jpg,51G21670
train/4CarLongPlate430.jpg,51A01204
train/4CarLongPlate435.jpg,51G39466
train/4CarLongPlate456.jpg,51G10209
train/4CarLongPlate46.jpg,51F79512
train/4CarLongPlate477.jpg,51F15585
train/4CarLongPlate479.jpg,51G49539
train/4CarLongPlate497.jpg,51F78396
train/4CarLongPlate504.jpg,51F59881
train/4CarLongPlate505.jpg,51F24476
train/4CarLongPlate510.jpg,51F31118
train/4CarLongPlate530.jpg,51G10096
train/4CarLongPlate542.jpg,51A77529
train/4CarLongPlate556.jpg,51A64826
train/4CarLongPlate558.jpg,51F22029
train/4CarLongPlate570.jpg,51G39466
train/4CarLongPlate576.jpg,51A69172
train/4CarLongPlate630.jpg,51A96141
train/4CarLongPlate655.jpg,51A05227
train/4CarLongPlate662.jpg,51F22261
train/4CarLongPlate68.jpg,29A51796
train/4CarLongPlate680.jpg,51F61712
train/4CarLongPlate701.jpg,51F61712
train/4CarLongPlate722.jpg,51F24403
train/4CarLongPlate723.jpg,48A05177
train/4CarLongPlate727.jpg,51G51332
train/4CarLongPlate728.jpg,51F15585
train/4CarLongPlate744.jpg,51F02687
train/4CarLongPlate749.jpg,51A69172
train/4CarLongPlate750.jpg,51A69172
train/4CarLongPlate768.jpg,51G25181
train/4CarLongPlate778.jpg,51F86988
train/4CarLongPlate787.jpg,51G47340
train/4CarLongPlate791.jpg,51A96141
train/4CarLongPlate822.jpg,51F88270
train/4CarLongPlate835.jpg,51F35613
train/4CarLongPlate836.jpg,51A72110
train/4CarLongPlate837.jpg,4151A961
train/4CarLongPlate842.jpg,51F75326
train/4CarLongPlate846.jpg,51G51332
train/4CarLongPlate847.jpg,51F15585
train/4CarLongPlate870.jpg,51F69259
train/4CarLongPlate891.jpg,51F21255
train/4CarLongPlate900.jpg,51A75932
train/4CarLongPlate911.jpg,51F59011
train/4CarLongPlate912.jpg,59F175758
train/4CarLongPlate913.jpg,51F59011
train/4CarLongPlate916.jpg,51A05227
train/4CarLongPlate927.jpg,51F61712
train/4CarLongPlate933.jpg,51A69172
train/4CarLongPlate937.jpg,61A22959
train/4CarLongPlate962.jpg,60A35981
train/4CarLongPlate973.jpg,51F78904
train/4CarLongPlate984.jpg,29A23950
train/4CarLongPlate987.jpg,51F77836
train/4xemay1944.jpg,60B628032
train/4xemay1954.jpg,47N69618
train/4xemay1955.jpg,80B608797
train/4xemay1958.jpg,59E164141
train/4xemay1961.jpg,59X203954
train/4xemay1967.jpg,59H170791
train/4xemay1972.jpg,62L122766
train/4xemay1975.jpg,5V187754
train/4xemay1991.jpg,59P231316
train/4xemay1992.jpg,59E125297
train/4xemay1998.jpg,59C201909
train/4xemay1999.jpg,71C236423
train/4xemay2000.jpg,59T155500
train/4xemay2001.jpg,77C139373
train/4xemay2002.jpg,93P117409
train/4xemay2005.jpg,59F147404
train/4xemay2020.jpg,51H25512
train/4xemay2025.jpg,59P230351
train/4xemay2033.jpg,85B117851
train/4xemay2035.jpg,62M136169
train/4xemay2036.jpg,60D628032
train/4xemay2037.jpg,59E108058
train/4xemay2044.jpg,59T151002
train/4xemay2047.jpg,9D801179
train/4xemay2055.jpg,79N160529
train/4xemay2056.jpg,60C123774
train/4xemay2059.jpg,72L86035
train/4xemay2067.jpg,56N100018
train/4xemay2077.jpg,61D107911
train/4xemay2080.jpg,66P15967
train/4xemay2089.jpg,79Z118589
train/4xemay2100.jpg,59N125521
train/4xemay2101.jpg,71B217757
train/4xemay2102.jpg,59C139916
train/4xemay2105.jpg,59C230513
train/4xemay2107.jpg,59V200285
train/4xemay2111.jpg,59H121704
train/4xemay2113.jpg,70L137096
train/4xemay2115.jpg,54X26487
train/4xemay2118.jpg,59C100507
train/4xemay2122.jpg,59G187671
train/4xemay2126.jpg,59K162404
train/4xemay2127.jpg,59S241737
train/4xemay2133.jpg,59T179742
train/4xemay2134.jpg,59X149369
train/4xemay2136.jpg,59X295479
train/4xemay2138.jpg,59P201920
train/4xemay2139.jpg,59V200884
train/4xemay2151.jpg,54L24264
train/4xemay2156.jpg,09K107320
train/4xemay2159.jpg,59S232386
train/4xemay2161.jpg,66S109018
train/4xemay2163.jpg,59B133968
train/4xemay2171.jpg,62V16814
train/4xemay2174.jpg,49K107320
train/4xemay2182.jpg,69U120415
train/4xemay2188.jpg,59N125521
train/4xemay2189.jpg,76V63429
train/4xemay2190.jpg,59V200884
train/4xemay2197.jpg,63H27326
train/4xemay2200.jpg,60B206370
train/4xemay2205.jpg,37K46713
train/4xemay2207.jpg,59H103519
train/4xemay2209.jpg,52S37078
train/4xemay2210.jpg,59E134192
train/4xemay2211.jpg,59S273546
train/4xemay2217.jpg,59V189158
train/4xemay2224.jpg,59D143391
train/4xemay2234.jpg,59N147102
train/4xemay2240.jpg,54Z87524
train/4xemay2241.jpg,54L42110
train/4xemay2243.jpg,86C107261
train/4xemay2244.jpg,59P200263
train/4xemay2246.jpg,69D105661
train/4xemay2250.jpg,59T102309
train/4xemay2253.jpg,59F103055
train/4xemay2255.jpg,59U165072
train/4xemay2256.jpg,59E119803
train/4xemay2264.jpg,79N179117
train/4xemay2269.jpg,59K154227
train/4xemay2270.jpg,56P25963
train/4xemay2278.jpg,59S195382
train/4xemay2283.jpg,59F109031
train/4xemay2288.jpg,59H140639
train/4xemay2294.jpg,59S254455
train/4xemay2300.jpg,59T165550
train/4xemay2301.jpg,6H117550
train/4xemay2306.jpg,59C104054
train/4xemay2311.jpg,59T105297
train/4xemay2315.jpg,59N176049
train/4xemay2318.jpg,59U139619
train/4xemay2322.jpg,54N56409
train/4xemay2326.jpg,61H59381
train/4xemay2327.jpg,59H152850
train/4xemay2329.jpg,54S24522
train/4xemay2337.jpg,59F109596
train/4xemay2338.jpg,59F118814
train/4xemay2346.jpg,59C149684
train/4xemay2348.jpg,64U121888
train/4xemay2353.jpg,62K117929
train/4xemay2357.jpg,59K167891
train/4xemay2361.jpg,67H103655
train/4xemay2362.jpg,04K34900
train/4xemay2363.jpg,69U13670
train/4xemay2367.jpg,59H167791
train/4xemay2371.jpg,57Z73400
train/4xemay2382.jpg,59C130923
train/4xemay2385.jpg,59H177791
train/4xemay2396.jpg,59L116392
train/4xemay2399.jpg,63B216353
train/4xemay2402.jpg,59X296553
train/4xemay2408.jpg,68X121002
train/4xemay2409.jpg,59S251095
train/4xemay2410.jpg,59M107790
train/4xemay2413.jpg,59S181834
train/4xemay2415.jpg,52P20878
train/4xemay2416.jpg,66L36400
train/4xemay2419.jpg,67M23789
train/4xemay2422.jpg,59P232334
train/4xemay2427.jpg,59S228834
train/4xemay2446.jpg,60D193113
train/4xemay2448.jpg,59B138559
train/4xemay2453.jpg,59F147404
train/4xemay2455.jpg,59C249200
train/4xemay2457.jpg,71B111345
train/4xemay2458.jpg,59P234276
train/4xemay2460.jpg,59H104425
train/4xemay2465.jpg,59F170424
train/4xemay2472.jpg,86B341492
train/4xemay2483.jpg,59L154063
train/5CarLongPlate143.jpg,51A01204
train/5CarLongPlate169.jpg,60A03868
train/5CarLongPlate173.jpg,51A96141
train/5CarLongPlate175.jpg,51F44614
train/5CarLongPlate179.jpg,43A18650
train/5CarLongPlate184.jpg,51F22261
train/5CarLongPlate197.jpg,51F06998
train/5CarLongPlate201.jpg,51F73420
train/5CarLongPlate210.jpg,51G01177
train/5CarLongPlate220.jpg,51G47340
train/5CarLongPlate23.jpg,51G47281
train/5CarLongPlate237.jpg,51F22029
train/5CarLongPlate251.jpg,51F07973
train/5CarLongPlate271.jpg,51A89714
train/5CarLongPlate273.jpg,51A89714
train/5CarLongPlate282.jpg,51G43630
train/5CarLongPlate287.jpg,51G51332
train/5CarLongPlate30.jpg,50LD04411
train/5CarLongPlate302.jpg,51F04275
train/5CarLongPlate314.jpg,51A02923
train/5CarLongPlate330.jpg,50LD04411
train/5CarLongPlate344.jpg,60A39951
train/5CarLongPlate346.jpg,51G49524
train/5CarLongPlate423.jpg,51F68784
train/5CarLongPlate432.jpg,51F06948
train/5CarLongPlate491.jpg,51F04225
train/5CarLongPlate508.jpg,51A72444
train/5CarLongPlate516.jpg,51A01204
train/5CarLongPlate518.jpg,0LD04411
train/5CarLongPlate521.jpg,51A85325
train/5CarLongPlate548.jpg,51F88220
train/5CarLongPlate553.jpg,51F22029
train/5CarLongPlate555.jpg,51F22029
train/5CarLongPlate571.jpg,11F07973
train/5CarLongPlate578.jpg,61A22959
train/5CarLongPlate590.jpg,51G21670
train/5CarLongPlate627.jpg,51F31118
train/5CarLongPlate634.jpg,51F06948
train/5CarLongPlate643.jpg,51A72078
train/5CarLongPlate645.jpg,51F06948
train/5CarLongPlate690.jpg,51G49160
train/5CarLongPlate700.jpg,51A60216
train/5CarLongPlate706.jpg,29A51796
train/5CarLongPlate78.jpg,51A89714
train/5CarLongPlate801.jpg,51A69172
train/5CarLongPlate807.jpg,51F24403
train/5CarLongPlate816.jpg,51A01204
train/5CarLongPlate827.jpg,51F63034
train/5CarLongPlate829.jpg,51A69172
train/5CarLongPlate83.jpg,51F24403
train/5CarLongPlate838.jpg,51A96141
train/5CarLongPlate859.jpg,86A06642
train/5CarLongPlate865.jpg,51F15380
train/5CarLongPlate893.jpg,51F27809
train/5CarLongPlate904.jpg,60A35981
train/5CarLongPlate91.jpg,51G51332
train/5CarLongPlate917.jpg,51F59881
train/5CarLongPlate929.jpg,51A55433
train/5CarLongPlate935.jpg,51A69172
train/5CarLongPlate939.jpg,11G51008
train/5CarLongPlate943.jpg,51F04275
train/5CarLongPlate949.jpg,51F44614
train/5CarLongPlate960.jpg,51F15585
train/5CarLongPlate999.jpg,51G20536
train/5PlateBaza223.jpg,ZG9267AD
train/5PlateBaza298.jpg,ZG5031AE
train/5PlateBaza427.jpg,ZG3710AL
train/5xemay1022.jpg,78H102133
train/5xemay1036.jpg,59D150216
train/5xemay1040.jpg,77F79919
train/5xemay1048.jpg,59V204212
train/5xemay1082.jpg,59B134682
train/5xemay11.jpg,59F113860
train/5xemay1107.jpg,59M154192
train/5xemay1110.jpg,83P199696
train/5xemay1120.jpg,60F204565
train/5xemay1187.jpg,59V122709
train/5xemay1195.jpg,59A308011
train/5xemay120.jpg,67L106669
train/5xemay1200.jpg,59P214706
train/5xemay1207.jpg,62K85607
train/5xemay1210.jpg,59E118310
train/5xemay1215.jpg,49K139272
train/5xemay1222.jpg,59S191667
train/5xemay1232.jpg,59S159559
train/5xemay1235.jpg,59S201572
train/5xemay1247.jpg,59T185717
train/5xemay1255.jpg,55P48426
train/5xemay1258.jpg,60Y22445
train/5xemay126.jpg,60B813705
train/5xemay1261.jpg,70P15900
train/5xemay1292.jpg,39F15014
train/5xemay1321.jpg,59S208338
train/5xemay1347.jpg,99L123882
train/5xemay1367.jpg,59X297772
train/5xemay1388.jpg,93F124985
train/5xemay141.jpg,59S131386
train/5xemay1414.jpg,59H132122
train/5xemay1422.jpg,59V109869
train/5xemay1430.jpg,49B151183
train/5xemay1444.jpg,71C236563
train/5xemay1450.jpg,59F176597
train/5xemay1493.jpg,59F182787
train/5xemay15.jpg,59U139619
train/5xemay1503.jpg,51F69090
train/5xemay1505.jpg,59S199891
train/5xemay1535.jpg,59C256237
train/5xemay1538.jpg,43G113684
train/5xemay1547.jpg,59G186895
train/5xemay1561.jpg,59K18301
train/5xemay1575.jpg,59F113230
train/5xemay1588.jpg,59H152576
train/5xemay1590.jpg,49B145348
train/5xemay1592.jpg,92H142107
train/5xemay1594.jpg,16P96204
train/5xemay163.jpg,47M74206
train/5xemay1646.jpg,79M22094
train/5xemay1694.jpg,59C170773
train/5xemay1697.jpg,59V177832
train/5xemay1699.jpg,52M90589
train/5xemay1735.jpg,52Y65446
train/5xemay1745.jpg,30N45882
train/5xemay1747.jpg,59F138151
train/5xemay1754.jpg,59V183357
train/5xemay1767.jpg,61D100626
train/5xemay1774.jpg,68F55727
train/5xemay1793.jpg,59H119374
train/5xemay182.jpg,59U166141
train/5xemay1824.jpg,59L106458
train/5xemay1827.jpg,59Y144665
train/5xemay1829.jpg,60B555723
train/5xemay1843.jpg,72F120741
train/5xemay1904.jpg,95G101643
train/5xemay1910.jpg,59L202084
train/5xemay1940.jpg,52U44702
train/5xemay1951.jpg,59M190977
train/5xemay1957.jpg,60B33534
train/5xemay1962.jpg,59L206377
train/5xemay1971.jpg,67F111317
train/5xemay1977.jpg,59M103519
train/5xemay1993.jpg,59S220617
train/5xemay1996.jpg,59H154986
train/5xemay2008.jpg,51L74255
train/5xemay2023.jpg,38Z10084
train/5xemay204.jpg,5B131149
train/5xemay2051.jpg,66G115723
train/5xemay207.jpg,59P229729
train/5xemay2106.jpg,59C142818
train/5xemay2120.jpg,59X277399
train/5xemay2143.jpg,54S73211
train/5xemay2168.jpg,49K107370
train/5xemay2177.jpg,52T76433
train/5xemay2181.jpg,71H19657
train/5xemay2262.jpg,52H99892
train/5xemay2309.jpg,59T118362
train/5xemay231.jpg,59X160210
train/5xemay2317.jpg,54T12473
train/5xemay232.jpg,59L223714
train/5xemay234.jpg,59S114883
train/5xemay2350.jpg,59P211206
train/5xemay2355.jpg,66L135224
train/5xemay2384.jpg,59C168612
train/5xemay242.jpg,59Z127275
train/5xemay2438.jpg,77L100895
train/5xemay253.jpg,59X281467
train/5xemay255.jpg,59F114760
train/5xemay26.jpg,59F116711
train/5xemay274.jpg,59C139780
train/5xemay295.jpg,59E164141
train/5xemay296.jpg,55X17546
train/5xemay309.jpg,59V187754
train/5xemay324.jpg,59P231316
train/5xemay325.jpg,59E125297
train/5xemay340.jpg,54P11782
train/5xemay342.jpg,51L33664
train/5xemay346.jpg,59P220947
train/5xemay367.jpg,59S168287
train/5xemay4.jpg,59T108264
train/5xemay40.jpg,85F100417
train/5xemay406.jpg,79K78987
train/5xemay450.jpg,59C245633
train/5xemay453.jpg,59X149369
train/5xemay473.jpg,49K107320
train/5xemay491.jpg,59C131162
train/5xemay492.jpg,52T76433
train/5xemay531.jpg,55P62004
train/5xemay541.jpg,63B132004
train/5xemay550.jpg,59U157674
train/5xemay563.jpg,59E119803
train/5xemay576.jpg,56P25963
train/5xemay580.jpg,63HH1295
train/5xemay583.jpg,59S195382
train/5xemay597.jpg,79U24621
train/5xemay606.jpg,59L205442
train/5xemay620.jpg,59L156722
train/5xemay625.jpg,59P152639
train/5xemay628.jpg,59T166153
train/5xemay656.jpg,59E153127
train/5xemay662.jpg,63B963040
train/5xemay669.jpg,52F73880
train/5xemay689.jpg,59L116392
train/5xemay695.jpg,59X137438
train/5xemay715.jpg,16M90826
train/5xemay726.jpg,60B337846
train/5xemay733.jpg,59E153127
train/5xemay734.jpg,59B138559
train/5xemay753.jpg,54Z12997
train/5xemay767.jpg,59P192893
train/5xemay804.jpg,59F142819
train/5xemay811.jpg,59L181006
train/5xemay82.jpg,86B341492
train/5xemay851.jpg,59H135460
train/5xemay86.jpg,59F170424
train/5xemay863.jpg,59L211500
train/5xemay868.jpg,53Y35614
train/5xemay878.jpg,49L101241
train/5xemay889.jpg,59P186084
train/5xemay891.jpg,59C252795
train/5xemay897.jpg,54P72138
train/5xemay943.jpg,59X255150
train/5xemay959.jpg,54H35581
train/5xemay961.jpg,67M120886
train/5xemay969.jpg,67M59687
train/5xemay982.jpg,59P178999
train/6CarLongPlate114.jpg,51F06532
train/6CarLongPlate126.jpg,51A72078
train/6CarLongPlate136.jpg,51A05227
train/6CarLongPlate187.jpg,51F59011
train/6CarLongPlate199.jpg,51G10096
train/6CarLongPlate202.jpg,51A02923
train/6CarLongPlate205.jpg,51A16598
train/6CarLongPlate22.jpg,51G443131
train/6CarLongPlate249.jpg,51G39466
train/6CarLongPlate285.jpg,51A45974
train/6CarLongPlate321.jpg,51A16598
train/6CarLongPlate322.jpg,51G49539
train/6CarLongPlate353.jpg,62A05772
train/6CarLongPlate376.jpg,51F24403
train/6CarLongPlate412.jpg,51F68784
train/6CarLongPlate445.jpg,51G51936
train/6CarLongPlate463.jpg,51A96141
train/6CarLongPlate470.jpg,51G51008
train/6CarLongPlate501.jpg,51F73420
train/6CarLongPlate506.jpg,51F24476
train/6CarLongPlate536.jpg,51F07973
train/6CarLongPlate543.jpg,51A77529
train/6CarLongPlate585.jpg,51A96141
train/6CarLongPlate632.jpg,50LD04411
train/6CarLongPlate638.jpg,51F63034
train/6CarLongPlate668.jpg,51F07973
train/6CarLongPlate687.jpg,51F16159
train/6CarLongPlate702.jpg,51A60216
train/6CarLongPlate732.jpg,60A35981
train/6CarLongPlate740.jpg,61A30001
train/6CarLongPlate743.jpg,51F02687
train/6CarLongPlate755.jpg,51G49160
train/6CarLongPlate762.jpg,50LD04411
train/6CarLongPlate776.jpg,48A05177
train/6CarLongPlate803.jpg,51F44614
train/6CarLongPlate805.jpg,51G51008
train/6CarLongPlate817.jpg,51F07973
train/6CarLongPlate821.jpg,51A55433
train/6CarLongPlate830.jpg,51G10209
train/6CarLongPlate832.jpg,51G51008
train/6CarLongPlate843.jpg,59D231916
train/6CarLongPlate867.jpg,61A22959
train/6CarLongPlate882.jpg,51F77836
train/6CarLongPlate890.jpg,51A89714
train/6CarLongPlate899.jpg,51A75932
train/6CarLongPlate915.jpg,51A05227
train/6CarLongPlate944.jpg,51A96141
train/6CarLongPlate948.jpg,51A96141
train/6CarLongPlate954.jpg,51G51332
train/6CarLongPlate978.jpg,51G37307
train/6CarLongPlate982.jpg,51F13251
train/6CarLongPlate992.jpg,51F58214
train/6PlateBaza233.jpg,ZG9353AA
train/6xemay10.jpg,59H154986
train/6xemay114.jpg,59H153561
train/6xemay118.jpg,63Y10200
train/6xemay135.jpg,59T177207
train/6xemay138.jpg,59F149271
train/6xemay143.jpg,72F120613
train/6xemay145.jpg,59F149271
train/6xemay151.jpg,59P220947
train/6xemay165.jpg,59G133671
train/6xemay171.jpg,82K37689
train/6xemay178.jpg,60B325220
train/6xemay18.jpg,37H107918
train/6xemay180.jpg,51S84605
train/6xemay181.jpg,59P133202
train/6xemay185.jpg,71B158070
train/6xemay191.jpg,72F120741
train/6xemay193.jpg,59N187515
train/6xemay196.jpg,51Z30606
train/6xemay197.jpg,54L39902
train/6xemay199.jpg,54S55036
train/6xemay20.jpg,51F84779
train/6xemay203.jpg,59C211894
train/6xemay208.jpg,59F175291
train/6xemay213.jpg,54T56168
train/6xemay214.jpg,54V58964
train/6xemay215.jpg,79H120023
train/6xemay219.jpg,59H197582
train/6xemay223.jpg,67B140833
train/6xemay227.jpg,59U156141
train/6xemay240.jpg,59S159484
train/6xemay244.jpg,59Y142323
train/6xemay245.jpg,59L229477
train/6xemay247.jpg,59E164141
train/6xemay249.jpg,76V63429
train/6xemay263.jpg,59V215800
train/6xemay266.jpg,51L82105
train/6xemay275.jpg,60C232301
train/6xemay280.jpg,59T161654
train/6xemay286.jpg,59C25920
train/6xemay287.jpg,54Y38211
train/6xemay29.jpg,77F130541
train/6xemay30.jpg,59V184031
train/6xemay310.jpg,59S111289
train/6xemay316.jpg,72F120741
train/6xemay318.jpg,85B117851
train/6xemay33.jpg,67C105355
train/6xemay331.jpg,71C236423
train/6xemay334.jpg,93P117409
train/6xemay336.jpg,66P15967
train/6xemay34.jpg,63B957926
train/6xemay343.jpg,72L21703
train/6xemay349.jpg,59T153668
train/6xemay35.jpg,59N169575
train/6xemay352.jpg,52F64378
train/6xemay353.jpg,38Z10084
train/6xemay366.jpg,59E108058
train/6xemay368.jpg,59L159150
train/6xemay37.jpg,66G115723
train/6xemay375.jpg,95DB01179
train/6xemay380.jpg,70SA0367
train/6xemay382.jpg,79N160529
train/6xemay402.jpg,59V159716
train/6xemay407.jpg,59L231395
train/6xemay421.jpg,81B161386
train/6xemay422.jpg,59N125521
train/6xemay425.jpg,59T128966
train/6xemay426.jpg,59F156129
train/6xemay427.jpg,59C230513
train/6xemay44.jpg,81B126810
train/6xemay440.jpg,59X277399
train/6xemay442.jpg,59G187671
train/6xemay444.jpg,56P19074
train/6xemay446.jpg,59K162404
train/6xemay449.jpg,59P224979
train/6xemay451.jpg,83H66954
train/6xemay455.jpg,59X235479
train/6xemay456.jpg,59L194176
train/6xemay457.jpg,59P201920
train/6xemay458.jpg,59V200884
train/6xemay461.jpg,54S73211
train/6xemay463.jpg,59D200428
train/6xemay464.jpg,49H71975
train/6xemay470.jpg,59C132428
train/6xemay472.jpg,59L213938
train/6xemay477.jpg,50HB2282
train/6xemay480.jpg,59E134192
train/6xemay481.jpg,59T184807
train/6xemay487.jpg,62V16814
train/6xemay493.jpg,70G113509
train/6xemay496.jpg,71H19657
train/6xemay5.jpg,59T108264
train/6xemay500.jpg,94D104771
train/6xemay503.jpg,59V200884
train/6xemay508.jpg,51S25013
train/6xemay510.jpg,59L191651
train/6xemay515.jpg,60B325220
train/6xemay516.jpg,48B128807
train/6xemay52.jpg,68H74213
train/6xemay524.jpg,59P112875
train/6xemay528.jpg,59V189158
train/6xemay529.jpg,59H160077
train/6xemay53.jpg,72C112511
train/6xemay534.jpg,59D143391
train/6xemay535.jpg,64K47483
train/6xemay538.jpg,54P72138
train/6xemay54.jpg,54Z87524
train/6xemay540.jpg,60X94808
train/6xemay548.jpg,59H159324
train/6xemay549.jpg,54L42110
train/6xemay553.jpg,54H15326
train/6xemay554.jpg,69D105661
train/6xemay559.jpg,59E119283
train/6xemay567.jpg,59N176654
train/6xemay569.jpg,51L34827
train/6xemay575.jpg,59K164227
train/6xemay577.jpg,54K48147
train/6xemay579.jpg,71B239897
train/6xemay58.jpg,59T188808
train/6xemay582.jpg,59S153418
train/6xemay588.jpg,59F109031
train/6xemay589.jpg,78E124113
train/6xemay607.jpg,59X236167
train/6xemay609.jpg,77D112938
train/6xemay611.jpg,59U139997
train/6xemay614.jpg,95P26027
train/6xemay615.jpg,71B289837
train/6xemay623.jpg,59E129660
train/6xemay624.jpg,59T146101
train/6xemay627.jpg,59H152850
train/6xemay640.jpg,86B621890
train/6xemay641.jpg,79C122177
train/6xemay647.jpg,59S110393
train/6xemay648.jpg,59P211206
train/6xemay651.jpg,59E117936
train/6xemay652.jpg,66L135224
train/6xemay654.jpg,59C161891
train/6xemay655.jpg,59V208341
train/6xemay658.jpg,67H103655
train/6xemay660.jpg,49E115383
train/6xemay664.jpg,51K28501
train/6xemay676.jpg,59H167791
train/6xemay680.jpg,53Z11759
train/6xemay681.jpg,59L145900
train/6xemay686.jpg,59U159175
train/6xemay691.jpg,63B216353
train/6xemay697.jpg,59L205442
train/6xemay84.jpg,60B157122
train/6xemay96.jpg,51L73998
train/6xemay97.jpg,84G122593
train/7xemay1573.jpg,59B133872
train/7xemay1583.jpg,50T27594
train/7xemay1650.jpg,54U24957
train/7xemay1664.jpg,59L227345
train/7xemay1696.jpg,59U191897
train/7xemay1705.jpg,54T34538
train/7xemay1744.jpg,63Y10200
train/7xemay1760.jpg,59S131386
train/7xemay1776.jpg,59X154497
train/7xemay1785.jpg,59C251109
train/7xemay1804.jpg,59F120158
train/7xemay1807.jpg,59U139619
train/7xemay1814.jpg,59G133671
train/7xemay1848.jpg,51Z30606
train/7xemay1850.jpg,47B142872
train/7xemay1874.jpg,60B531402
train/7xemay1922.jpg,60Y73914
train/7xemay1947.jpg,63B138786
train/7xemay2040.jpg,59V107473
train/7xemay2042.jpg,55P44641
train/7xemay2045.jpg,59K165072
train/7xemay2094.jpg,71B251318
train/7xemay2097.jpg,51H48354
train/7xemay2121.jpg,51K28501
train/7xemay2186.jpg,59T159973
train/7xemay2227.jpg,72F135507
train/7xemay2265.jpg,92D142705
train/7xemay2273.jpg,68H74213
train/7xemay2289.jpg,59T138506
train/7xemay2291.jpg,59F158405
train/7xemay2295.jpg,59T108264
train/7xemay2340.jpg,65F131532
train/7xemay2484.jpg,94H41831
train/8CarLongPlate265.jpg,51F16159
train/8CarLongPlate317.jpg,51G31691
train/8CarLongPlate373.jpg,51G10209
train/8CarLongPlate397.jpg,51A85325
train/8CarLongPlate460.jpg,51A89714
train/8CarLongPlate546.jpg,93LD00103
train/8CarLongPlate563.jpg,51G21670
train/8CarLongPlate597.jpg,51G51332
train/8CarLongPlate598.jpg,51F15585
train/8CarLongPlate608.jpg,51F02687
train/8CarLongPlate616.jpg,51F49142
train/8CarLongPlate653.jpg,51C59323
train/8CarLongPlate709.jpg,51F44614
train/8CarLongPlate733.jpg,51F59011
train/8CarLongPlate738.jpg,51F59011
train/8CarLongPlate849.jpg,51F15585
train/8CarLongPlate871.jpg,51F13251
train/8PlateBaza276.jpg,HZG4932S
train/8xemay101.jpg,63Y10200
train/8xemay1016.jpg,55P92840
train/8xemay1103.jpg,54T34407
train/8xemay1160.jpg,37H110401
train/8xemay1182.jpg,59V152755
train/8xemay1193.jpg,59B119220
train/8xemay1199.jpg,54X72899
train/8xemay1219.jpg,51L32640
train/8xemay1220.jpg,55P87062
train/8xemay1308.jpg,52T74640
train/8xemay1391.jpg,59X262721
train/8xemay1436.jpg,59F175031
train/8xemay1647.jpg,60B558583
train/8xemay1656.jpg,59E163978
train/8xemay166.jpg,47K108279
train/8xemay1689.jpg,73G117544
train/8xemay1723.jpg,59E104744
train/8xemay1729.jpg,59F116692
train/8xemay1847.jpg,59F112329
train/8xemay189.jpg,72C136087
train/8xemay1891.jpg,55S114883
train/8xemay1896.jpg,63B957926
train/8xemay1964.jpg,66L135224
train/8xemay1978.jpg,59L178582
train/8xemay1995.jpg,59S227831
train/8xemay2245.jpg,54H15326
train/8xemay2293.jpg,79U24621
train/8xemay2336.jpg,62K117929
train/8xemay2411.jpg,52F41035
train/8xemay2439.jpg,60B337846
train/8xemay2456.jpg,59U151771
train/8xemay2466.jpg,51L41138
train/8xemay261.jpg,59E103640
train/8xemay27.jpg,52U44702
train/8xemay354.jpg,63B703323
train/8xemay462.jpg,59F145842
train/8xemay478.jpg,66S109018
train/8xemay498.jpg,60B562583
train/8xemay626.jpg,61H59381
train/8xemay696.jpg,69AB02673
train/8xemay739.jpg,54L36961
train/8xemay752.jpg,49E115383
train/8xemay8.jpg,63B957926
train/8xemay881.jpg,59C123083
train/8xemay899.jpg,59M107790
train/8xemay926.jpg,71B140140
train/8xemay927.jpg,59S124831
train/8xemay937.jpg,59Z119632
train/8xemay962.jpg,51L54520
train/8xemay984.jpg,55Y48437
train/9CarLongPlate57.jpg,29A51796
train/9CarLongPlate703.jpg,51A72110
train/9CarLongPlate780.jpg,51G01177
train/9CarLongPlate814.jpg,51F55881
train/9xemay1.jpg,55E121500
train/9xemay1012.jpg,81G113556
train/9xemay1020.jpg,55X86970
train/9xemay1029.jpg,54F24106
train/9xemay1046.jpg,54T40987
train/9xemay1084.jpg,79Z15804
train/9xemay1111.jpg,59K144076
train/9xemay1127.jpg,60B715461
train/9xemay1159.jpg,49E139941
train/9xemay1162.jpg,77F125389
train/9xemay1163.jpg,59U13868
train/9xemay1190.jpg,81B137963
train/9xemay1278.jpg,79Z110184
train/9xemay129.jpg,54V66004
train/9xemay1301.jpg,54S58960
train/9xemay1311.jpg,68LA00776
train/9xemay1355.jpg,59N187957
train/9xemay1359.jpg,54N95449
train/9xemay1362.jpg,54V39264
train/9xemay1410.jpg,77X69544
train/9xemay1427.jpg,59A308642
train/9xemay1438.jpg,59U162231
train/9xemay1471.jpg,67C108347
train/9xemay1474.jpg,83C117111
train/9xemay1489.jpg,59V218744
train/9xemay153.jpg,54S22148
train/9xemay1533.jpg,94B119580
train/9xemay1577.jpg,59E150988
train/9xemay1621.jpg,59P215270
train/9xemay1644.jpg,59T192715
train/9xemay1743.jpg,59U159897
train/9xemay1813.jpg,47B142872
train/9xemay188.jpg,85D101611
train/9xemay195.jpg,59F112329
train/9xemay1963.jpg,77F130541
train/9xemay2260.jpg,59N176654
train/9xemay228.jpg,59L184759
train/9xemay256.jpg,54S89169
train/9xemay285.jpg,63B138776
train/9xemay298.jpg,59X20354
train/9xemay333.jpg,77C139373
train/9xemay372.jpg,59T151002
train/9xemay621.jpg,54S85489
train/9xemay629.jpg,59B122119
train/9xemay630.jpg,59E155040
train/9xemay650.jpg,62K117929
train/9xemay653.jpg,59C13631
train/9xemay67.jpg,59C168612
train/9xemay720.jpg,52U62655
train/9xemay741.jpg,59U151771
train/9xemay759.jpg,52F37458
train/9xemay820.jpg,59L189475
train/9xemay825.jpg,59T146685
train/9xemay832.jpg,54S22148
train/9xemay845.jpg,59E172361
train/9xemay885.jpg,81G113556
train/9xemay94.jpg,54X45569
train/9xemay985.jpg,61S40134
train/9xemay987.jpg,59M190208
train/9xemay998.jpg,59U113629
train/iwt12.jpg,8B90164CZ
train/ndata0.jpg,30A49572
train/ndata1.jpg,30E99037
train/ndata10.jpg,29D42271
train/ndata100.jpg,29M154585
train/ndata101.jpg,90B251088
train/ndata103.jpg,30E27010
train/ndata104.jpg,34F129851
train/ndata105.jpg,29V55087
train/ndata107.jpg,29V530399
train/ndata108.jpg,29X567147
train/ndata109.jpg,29Z166880
train/ndata110.jpg,94F95348
train/ndata111.jpg,18G115389
train/ndata114.jpg,37B119587
train/ndata115.jpg,30A28610
train/ndata118.jpg,30G36644
train/ndata119.jpg,69D151519
train/ndata120.jpg,30A33918
train/ndata121.jpg,70G144444
train/ndata122.jpg,70L144444
train/ndata123.jpg,70D133333
train/ndata124.jpg,75A18283
train/ndata125.jpg,75H142599
train/ndata127.jpg,75H136121
train/ndata128.jpg,36D165529
train/ndata129.jpg,29T200882
train/ndata130.jpg,30N30866
train/ndata132.jpg,99C128271
train/ndata133.jpg,29E119298
train/ndata136.jpg,30A09817
train/ndata137.jpg,51A99999
train/ndata138.jpg,19S127672
train/ndata139.jpg,30A99999
train/ndata14.jpg,29A80486
train/ndata140.jpg,30E99999
train/ndata143.jpg,3DE31872
train/ndata144.jpg,80A66868
train/ndata145.jpg,69D151519
train/ndata146.jpg,51N616633
train/ndata147.jpg,17B902862
train/ndata148.jpg,6.88E+09
train/ndata15.jpg,34A14270
train/ndata157.jpg,30X98300
train/ndata16.jpg,29B125662
train/ndata161.jpg,98B308476
train/ndata167.jpg,18K116789
train/ndata168.jpg,20M26789
train/ndata169.jpg,16M97777
train/ndata17.jpg,25F19640
train/ndata170.jpg,30Y66886
train/ndata171.jpg,29Y508888
train/ndata178.jpg,9MD152072
train/ndata18.jpg,30F51313
train/ndata181.jpg,22V11719
train/ndata184.jpg,30F77792
train/ndata185.jpg,29F25491
train/ndata19.jpg,30E25582
train/ndata191.jpg,29V504828
train/ndata194.jpg,59X450272
train/ndata197.jpg,53X93333
train/ndata198.jpg,29Y46686
train/ndata2.jpg,20L66582
train/ndata20.jpg,18F140249
train/ndata201.jpg,59X299899
train/ndata202.jpg,60M97997
train/ndata205.jpg,30Y66886
train/ndata206.jpg,30Y66666
train/ndata208.jpg,30M79999
train/ndata21.jpg,30F36766
train/ndata210.jpg,29B156850
train/ndata211.jpg,30X39988
train/ndata212.jpg,49M122262
train/ndata214.jpg,14X104444
train/ndata215.jpg,29Y323456
train/ndata217.jpg,77X57777
train/ndata219.jpg,34M91234
train/ndata22.jpg,23F111969
train/ndata220.jpg,29S693502
train/ndata221.jpg,29M177888
train/ndata222.jpg,29X162662
train/ndata223.jpg,29X758888
train/ndata224.jpg,29M78181
train/ndata225.jpg,MU306888
train/ndata226.jpg,29X150111
train/ndata227.jpg,11Y11111
train/ndata23.jpg,29D41485
train/ndata230.jpg,36M122222
train/ndata231.jpg,36B557557
train/ndata233.jpg,30K75555
train/ndata234.jpg,43X25678
train/ndata235.jpg,29V759999
train/ndata236.jpg,77M101234
train/ndata237.jpg,241111Y11
train/ndata238.jpg,24Y111112
train/ndata239.jpg,38X108888
train/ndata242.jpg,29X334206
train/ndata245.jpg,29Y159999
train/ndata246.jpg,29D157196
train/ndata248.jpg,33M78328
train/ndata249.jpg,29Y501991
train/ndata25.jpg,37M41615
train/ndata251.jpg,59M234565
train/ndata252.jpg,29Y101111
train/ndata254.jpg,29X51B299
train/ndata255.jpg,29Y717877
train/ndata257.jpg,29Y86898
train/ndata258.jpg,29Y86898
train/ndata26.jpg,30F27661
train/ndata260.jpg,30M21984
train/ndata261.jpg,29X716718
train/ndata262.jpg,30M88711
train/ndata263.jpg,29Y568818
train/ndata265.jpg,MD2992521
train/ndata268.jpg,29K165585
train/ndata278.jpg,29E166009
train/ndata279.jpg,29E114461
train/ndata28.jpg,17B363126
train/ndata281.jpg,29E153856
train/ndata283.jpg,29E171360
train/ndata284.jpg,29E151367
train/ndata286.jpg,29E168610
train/ndata287.jpg,29E112222
train/ndata29.jpg,37F159869
train/ndata291.jpg,29E178910
train/ndata292.jpg,29E140828
train/ndata293.jpg,29B17722
train/ndata294.jpg,29E178910
train/ndata295.jpg,29E102054
train/ndata297.jpg,29E118855
train/ndata298.jpg,88K40315
train/ndata3.jpg,99C137552
train/ndata30.jpg,29H145410
train/ndata304.jpg,29Z186202
train/ndata306.jpg,29E241350
train/ndata307.jpg,29E164461
train/ndata308.jpg,36N63442
train/ndata31.jpg,29X510191
train/ndata310.jpg,29E167403
train/ndata311.jpg,29E151367
train/ndata313.jpg,29E209668
train/ndata318.jpg,99H61527
train/ndata32.jpg,30F51010
train/ndata321.jpg,59V329804
train/ndata322.jpg,84E129980
train/ndata323.jpg,95EA01624
train/ndata324.jpg,59D111111
train/ndata325.jpg,61D156789
train/ndata328.jpg,66N55555
train/ndata329.jpg,66N67777
train/ndata33.jpg,28A04201
train/ndata330.jpg,67N34444
train/ndata333.jpg,30N59999
train/ndata335.jpg,50N199999
train/ndata337.jpg,29T16480
train/ndata339.jpg,79N88888
train/ndata34.jpg,30F51010
train/ndata340.jpg,68D107909
train/ndata341.jpg,59N233399
train/ndata342.jpg,59N244027
train/ndata345.jpg,29D257821
train/ndata346.jpg,33N64923
train/ndata347.jpg,20C135633
train/ndata348.jpg,29U56764
train/ndata349.jpg,29N138994
train/ndata35.jpg,30F51010
train/ndata350.jpg,29U28430
train/ndata351.jpg,43N14308
train/ndata353.jpg,19X17409
train/ndata36.jpg,30F51010
train/ndata367.jpg,88AB30990
train/ndata368.jpg,29K36789
train/ndata37.jpg,90B251088
train/ndata370.jpg,62K121122
train/ndata371.jpg,66N55555
train/ndata372.jpg,66K55555
train/ndata373.jpg,67L65555
train/ndata374.jpg,67K33333
train/ndata375.jpg,67T32222
train/ndata377.jpg,59K227777
train/ndata378.jpg,62K128888
train/ndata379.jpg,62K128888
train/ndata38.jpg,30F51010
train/ndata380.jpg,29V544444
train/ndata381.jpg,72K134567
train/ndata385.jpg,29E145678
train/ndata386.jpg,89E132181
train/ndata387.jpg,59E140209
train/ndata388.jpg,49E122222
train/ndata389.jpg,690210K11
train/ndata39.jpg,30F51010
train/ndata391.jpg,14K101234
train/ndata393.jpg,30E95623
train/ndata397.jpg,29E268562
train/ndata4.jpg,37F282566
train/ndata400.jpg,29E115934
train/ndata403.jpg,37P138569
train/ndata41.jpg,30A99524
train/ndata412.jpg,17B623465
train/ndata413.jpg,29K118280
train/ndata414.jpg,29K127166
train/ndata415.jpg,29K113415
train/ndata417.jpg,29K105115
train/ndata418.jpg,29K114488
train/ndata419.jpg,29K114488
train/ndata42.jpg,30A99524
train/ndata420.jpg,21LA02113
train/ndata421.jpg,30K21915
train/ndata422.jpg,29K187668
train/ndata425.jpg,30K43008
train/ndata426.jpg,64K133415
train/ndata427.jpg,29G136076
train/ndata430.jpg,29ML82833
train/ndata431.jpg,36MD35520
train/ndata432.jpg,29M38322
train/ndata436.jpg,20M54742
train/ndata44.jpg,29L10702
train/ndata445.jpg,4MD401697
train/ndata446.jpg,99H90107
train/ndata45.jpg,29T140113
train/ndata46.jpg,30A99524
train/ndata462.jpg,59E737583
train/ndata463.jpg,59E134055
train/ndata466.jpg,29V140283
train/ndata467.jpg,29V537142
train/ndata469.jpg,29V307816
train/ndata47.jpg,3DA99524
train/ndata470.jpg,29V27793
train/ndata471.jpg,34AA11950
train/ndata472.jpg,29V105678
train/ndata474.jpg,29V506200
train/ndata477.jpg,29Y79108
train/ndata478.jpg,18B254779
train/ndata483.jpg,15N118520
train/ndata484.jpg,29V52108
train/ndata485.jpg,29S175902
train/ndata486.jpg,29U427914
train/ndata489.jpg,14B165772
train/ndata49.jpg,30A99524
train/ndata490.jpg,14B165772
train/ndata492.jpg,34B221312
train/ndata496.jpg,14X139154
train/ndata497.jpg,14X139154
train/ndata498.jpg,14X139154
train/ndata499.jpg,17B300911
train/ndata5.jpg,29T180574
train/ndata500.jpg,34B318014
train/ndata501.jpg,26B283883
train/ndata502.jpg,22B261837
train/ndata503.jpg,36B818610
train/ndata505.jpg,38F111464
train/ndata506.jpg,26B266150
train/ndata507.jpg,19L114204
train/ndata509.jpg,88F154899
train/ndata511.jpg,30L90860
train/ndata512.jpg,36B554939
train/ndata513.jpg,37E103975
train/ndata515.jpg,29B214043
train/ndata516.jpg,30E69438
train/ndata517.jpg,30A37715
train/ndata519.jpg,29C55125
train/ndata520.jpg,29C55125
train/ndata521.jpg,30G28600
train/ndata522.jpg,30G28600
train/ndata523.jpg,37B311444
train/ndata524.jpg,29A78725
train/ndata529.jpg,35B302772
train/ndata531.jpg,29A18526
train/ndata533.jpg,29A18526
train/ndata535.jpg,51F56747
train/ndata537.jpg,99D121591
train/ndata54.jpg,30A23745
train/ndata540.jpg,30F44001
train/ndata541.jpg,29B150776
train/ndata543.jpg,29Y83003
train/ndata545.jpg,89K27809
train/ndata546.jpg,30A91844
train/ndata547.jpg,30A06765
train/ndata549.jpg,30F90136
train/ndata55.jpg,29A94170
train/ndata550.jpg,30G33545
train/ndata551.jpg,15N114371
train/ndata555.jpg,29AB15947
train/ndata556.jpg,30F56605
train/ndata557.jpg,30E22070
train/ndata558.jpg,27AA07647
train/ndata559.jpg,30E22070
train/ndata561.jpg,30E22070
train/ndata562.jpg,360E2270
train/ndata565.jpg,30G33545
train/ndata567.jpg,35B302772
train/ndata568.jpg,30E78917
train/ndata57.jpg,29L75659
train/ndata571.jpg,29D50557
train/ndata572.jpg,29K151905
train/ndata573.jpg,30E22010
train/ndata575.jpg,99A26295
train/ndata576.jpg,30E22070
train/ndata578.jpg,15A69126
train/ndata58.jpg,35Y100079
train/ndata581.jpg,30P91519
train/ndata583.jpg,309P91519
train/ndata584.jpg,30E22070
train/ndata585.jpg,22H53999
train/ndata586.jpg,29T198103
train/ndata587.jpg,30E22070
train/ndata588.jpg,30E22070
train/ndata589.jpg,29X506398
train/ndata59.jpg,29A94170
train/ndata591.jpg,29K15831
train/ndata592.jpg,38X105598
train/ndata593.jpg,30G73869
train/ndata594.jpg,30H03940
train/ndata596.jpg,29Y527767
train/ndata597.jpg,30H03940
train/ndata599.jpg,30A99524
train/ndata6.jpg,33P92063
train/ndata600.jpg,30H03940
train/ndata602.jpg,30H03940
train/ndata603.jpg,30F51010
train/ndata604.jpg,29D138278
train/ndata606.jpg,3DH03940
train/ndata607.jpg,30Z33006
train/ndata608.jpg,16M97777
train/ndata609.jpg,59X377777
train/ndata617.jpg,98K102897
train/ndata618.jpg,29K56789
train/ndata62.jpg,89E156890
train/ndata620.jpg,30E15349
train/ndata622.jpg,59E176789
train/ndata623.jpg,7350M250
train/ndata624.jpg,29U182833
train/ndata625.jpg,36MB35520
train/ndata626.jpg,17MD72758
train/ndata63.jpg,50B34178
train/ndata639.jpg,37B131088
train/ndata642.jpg,38MD1057
train/ndata67.jpg,29Y544922
train/ndata68.jpg,30G21514
train/ndata69.jpg,33P30600
train/ndata72.jpg,30F66991
train/ndata73.jpg,30F66991
train/ndata75.jpg,29AA48165
train/ndata76.jpg,36M48447
train/ndata78.jpg,30G82074
train/ndata79.jpg,30A19474
train/ndata8.jpg,30F62685
train/ndata80.jpg,30E82693
train/ndata81.jpg,89L123568
train/ndata82.jpg,29L551884
train/ndata83.jpg,29A96594
train/ndata84.jpg,29A86594
train/ndata85.jpg,29C73804
train/ndata87.jpg,30E12139
train/ndata89.jpg,89E119264
train/ndata9.jpg,37M25708
train/ndata91.jpg,30E63630
train/ndata93.jpg,27H31432
train/ndata95.jpg,30G82341
train/ndata96.jpg,88C118420
train/ndata99.jpg,29A12655
